<?xml version="1.0" encoding="utf-8"?>
<Data_Settings xmlns:xsi="http://www.w3.org/2001/XMLSchema-instance" xmlns:xsd="http://www.w3.org/2001/XMLSchema">
  <Launcher_Title>null</Launcher_Title>
  <Launcher_Update_Mode>2</Launcher_Update_Mode>
  <Launcher_Current_Version>null</Launcher_Current_Version>
  <Launcher_Update_LinkUrl>null</Launcher_Update_LinkUrl>
  <Launcher_Path_Cache>/FiveM.app/data/</Launcher_Path_Cache>
  <Server_FiveM_Name>null</Server_FiveM_Name>
  <Server_FiveM_Connect_Mode>0</Server_FiveM_Connect_Mode>
  <Server_FiveM_IP>null</Server_FiveM_IP>
  <Server_FiveM_Port>null</Server_FiveM_Port>
  <Server_FiveM_JoinID>null</Server_FiveM_JoinID>
  <Server_FiveM_Http>null</Server_FiveM_Http>
  <TeamSpeak_Use_TokoVOIP>false</TeamSpeak_Use_TokoVOIP>
  <TeamSpeak_TokoVOIP_IP>null</TeamSpeak_TokoVOIP_IP>
  <TeamSpeak_TokoVOIP_Download_LinkUrl>null</TeamSpeak_TokoVOIP_Download_LinkUrl>
  <TeamSpeak_TokoVOIP_Settings_Tutorial>null</TeamSpeak_TokoVOIP_Settings_Tutorial>
  <TeamSpeak_Download_LinkUrl>null</TeamSpeak_Download_LinkUrl>
  <Common_Discord_LinkUrl>null</Common_Discord_LinkUrl>
  <Common_Rules_LinkUrl>null</Common_Rules_LinkUrl>
  <Package_KCLauncher_Connect_AutoUpdate>true</Package_KCLauncher_Connect_AutoUpdate>
  <Package_KCLauncher_Connect_LinkUrl>https://github.com/FujinoNs/File/raw/main/Fujino.KCLauncher.Connect.dll</Package_KCLauncher_Connect_LinkUrl>
</Data_Settings>