<?xml version="1.0" encoding="utf-8"?>
<Data_Settings xmlns:xsi="http://www.w3.org/2001/XMLSchema-instance" xmlns:xsd="http://www.w3.org/2001/XMLSchema">
  <Launcher_Title>null</Launcher_Title>
  <Launcher_Path_Cache>/FiveM.app/data/</Launcher_Path_Cache>
  <Server_FiveM_Name>null</Server_FiveM_Name>
  <Server_FiveM_Connect_Mode>0</Server_FiveM_Connect_Mode>
  <Server_FiveM_IP>null</Server_FiveM_IP>
  <Server_FiveM_Port>null</Server_FiveM_Port>
  <Server_FiveM_JoinID>null</Server_FiveM_JoinID>
  <Common_Discord_LinkUrl>null</Common_Discord_LinkUrl>
  <Common_Rules_LinkUrl>https://fivem.net/</Common_Rules_LinkUrl>
  <Package_KCLauncher_Connect_AutoUpdate>true</Package_KCLauncher_Connect_AutoUpdate>
  <Package_KCLauncher_Connect_LinkUrl>https://github.com/FujinoNs/File/raw/main/Fujino.KCLauncher.Connect.dll</Package_KCLauncher_Connect_LinkUrl>
</Data_Settings>