{"Launcher_Title": "null","Launcher_Update_Mode": "2","Launcher_Current_Version": "null","Launcher_Update_LinkUrl": "null","Launcher_Path_Cache": "/FiveM.app/data/","Server_FiveM_Name": "null","Server_FiveM_Connect_Mode": "0","Server_FiveM_IP": "null","Server_FiveM_Port": "null","Server_FiveM_JoinID": "null","Server_FiveM_Http": "null","TeamSpeak_Use_TokoVOIP": "false","TeamSpeak_TokoVOIP_IP": "null","TeamSpeak_TokoVOIP_Download_LinkUrl": "null","TeamSpeak_TokoVOIP_Settings_Tutorial": "null","TeamSpeak_Download_LinkUrl": "null","Common_Discord_LinkUrl": "null","Common_Rules_LinkUrl": "null","Package_KCLauncher_Connect_AutoUpdate": "true","Package_KCLauncher_Connect_LinkUrl": "https://github.com/FujinoNs/File/raw/main/Fujino.KCLauncher.Connect.dll"}
